Comment,Designator,Footprint,LCSC Part #,Quantity
1k 1% 0805,R1,R_0805_2012Metric,C17513,1
10k 1% 0805,R2,R_0805_2012Metric,C17414,1
330R 1% 0805,"R3,R4,R5,R6",R_0805_2012Metric,C17630,4
47k 1% 0805,R7,R_0805_2012Metric,C17713,1
MMBT3904,Q1,SOT-23,C20526,1
AOD4185,Q2,TO-252-2,C77993,1
BZT52C15,D1,D_SOD-123,C2104,1
SMBJ14A,D2,D_SMB,C493202,1
SMBJ6.5A,D3,D_SMB,C284028,1
SMBJ5.0A,D4,D_SMB,C10204,1
470uF 35V,C1,CP_Elec_10x12.5,C473412,1
1000uF 10V,C2,CP_Elec_10x10,C176684,1
470uF 10V,C3,CP_Elec_8x10,C249671,1
