Designator,Footprint,Quantity,Value,LCSC Part #
C1,CP_Elec_10x10.5,1,470uF 25V,
"C10, C11, C17",1210,3,10uF 50V,
C12,0805,1,1uF 50V,
C13,0805,1,10nF 50V,
"C14, C15",1210,2,22uF 25V,
C16,CP_Elec_8x10.5,1,220uF 16V,
"C18, C19, C24",0805,3,100nF,
"C20, C21",1206,2,22uF 16V,
C22,0805,1,75pF,
C23,1206,1,10uF 16V,
D1,D_SMB,1,SMBJ15A,
D2,D_SMC,1,SS54,
D3,D_SMA,1,SS34,
"D4, D5",D_SOD-123,2,1N4148W,
F1,Fuseholder_Blade_Mini_Keystone_3568,1,10A mini-lame,
J1,691214110002,1,BATT_IN,
J10,691214110002,1,MOT_PWR2,
J11,691214110002,1,MOT2 DIR/PWM,
J12,691214110002,1,RELAIS1,
J13,691214110002,1,RELAIS2,
J14,PinHeader_1x04_P2.54mm_Vertical,1,UART2_ESP,
J15,PinHeader_1x04_P2.54mm_Vertical,1,I2C,
J16,PinHeader_2x10_P2.54mm_Vertical,1,EXT_IO,
J2,691214110002,1,MOT_PWR1,
J3,691214110002,1,MOT1 PWM/DIR,
J4,691214110002,1,MOT_PWR3,
J5,691214110002,1,MOT3 PWM/DIR,
J6,PinHeader_1x03_P2.54mm_Vertical,1,SBUS,
J8,691214110002,1,MOT_PWR4,
J9,691214110002,1,MOT4 DIR/PWM,
"K1, K2",Relay_SPST_Omron_G5NB,2,G5NB-1A-E DC5V,
L1,L_Sunlord_MWSA1265S,1,4.7uH,
L2,L_Bourns_SRN6045TA,1,15uH,
"LED1, LED2",0805,2,LED verte,
Q1,SOT-23,1,MMBT3904,
"Q2, Q3",SOT-23,2,2N7002,
"R1, R17, R20, R21, R23",0805,5,1k,
R10,0805,1,470k,
R11,0805,1,182R 1%,
R12,0805,1,1k 1%,
R13,0805,1,100k 1%,
R14,0805,1,12.7k 1%,
"R15, R18",0805,2,100R,
"R16, R19, R2",0805,3,10k,
R22,0805,1,2k,
R24,0805,1,30k 1%,
R25,0805,1,10k 1%,
R26,0805,1,510k,
"R30, R31, R32, R33",0805,4,4.7k DNP,
S1,PinHeader_1x03_P2.54mm_Vertical,1,SERVO1,
S2,PinHeader_1x03_P2.54mm_Vertical,1,SERVO2,
S3,PinHeader_1x03_P2.54mm_Vertical,1,SERVO3,
S4,PinHeader_1x03_P2.54mm_Vertical,1,SERVO4,
S5,PinHeader_1x03_P2.54mm_Vertical,1,SERVO5,
S6,PinHeader_1x03_P2.54mm_Vertical,1,SERVO6,
U1,MODULE_MEGA_PRO_EMBED_CH340G_ATMEGA2560,1,Mega2560 PRO Embed,
U2,TO-263-7_TabPin8,1,LM22678TJ-5.0,
U3,SOT-23-6,1,TPS54202H,
