Designator,Mid X,Mid Y,Rotation,Layer
C1,126.9,-120.85,180.0,top
C10,78.9,-102.15,90.0,top
C11,82.4,-102.15,90.0,top
C12,72.7,-100.45,180.0,top
C13,74.9,-103.65,0.0,top
C14,104.2,-103.35,90.0,top
C15,104.2,-108.35,90.0,top
C16,109.4,-115.85,180.0,top
C17,90.9,-82.35,90.0,top
C18,93.4,-77.35,90.0,top
C19,97.4,-77.65,0.0,top
C20,108.9,-79.35,90.0,top
C21,108.9,-84.35,90.0,top
C22,97.9,-87.45,0.0,top
C23,109.4,-89.049999,0.0,top
C24,70.9,-66.85,90.0,top
D1,116.9,-123.35,90.0,top
D2,81.4,-117.35,270.0,top
D3,103.4,-88.45,0.0,top
D4,118.7,-66.2,90.0,top
D5,118.7,-78.2,90.0,top
F1,96.86,-126.85,0.0,top
J1,105.9,-137.85,180.0,top
J10,95.4,-137.85,180.0,top
J11,84.9,-137.85,180.0,top
J12,149.9,-68.05,270.0,top
J13,149.9,-80.05,270.0,top
J14,121.9,-89.66,0.0,top
J15,127.9,-89.66,0.0,top
J16,147.67,-100.28,0.0,top
J2,74.4,-137.85,180.0,top
J3,63.9,-137.85,180.0,top
J4,116.4,-137.85,180.0,top
J5,126.9,-137.85,180.0,top
J6,137.68,-103.39,0.0,top
J8,137.4,-137.85,180.0,top
J9,147.9,-137.85,180.0,top
K1,131.15,-66.2,0.0,top
K2,131.15,-78.2,0.0,top
L1,93.4,-108.85,0.0,top
L2,103.4,-81.85,0.0,top
LED1,125.9,-59.45,180.0,top
LED2,125.9,-71.45,180.0,top
Q1,70.9,-81.85,180.0,top
Q2,92.4,-66.85,180.0,top
Q3,104.4,-66.85,180.0,top
R1,66.9,-81.85,90.0,top
R10,65.4,-103.45,270.0,top
R11,67.9,-103.45,270.0,top
R12,70.4,-103.45,90.0,top
R13,97.9,-85.35,0.0,top
R14,94.4,-88.049999,90.0,top
R15,85.9,-66.85,90.0,top
R16,88.4,-66.85,90.0,top
R17,130.4,-59.45,0.0,top
R18,97.9,-66.85,90.0,top
R19,100.4,-66.85,90.0,top
R2,74.9,-81.85,90.0,top
R20,130.4,-71.45,0.0,top
R21,74.9,-66.85,90.0,top
R22,77.4,-66.85,90.0,top
R23,79.9,-66.85,90.0,top
R24,65.9,-66.85,90.0,top
R25,68.4,-66.85,90.0,top
R26,91.9,-86.85,90.0,top
R30,77.9,-87.85,90.0,top
R31,80.4,-87.85,90.0,top
R32,82.9,-87.85,90.0,top
R33,85.4,-87.85,90.0,top
S1,119.9,-103.39,0.0,top
S2,122.44,-103.39,0.0,top
S3,124.979999,-103.39,0.0,top
S4,127.52,-103.39,0.0,top
S5,130.06,-103.39,0.0,top
S6,132.6,-103.39,0.0,top
U1,90.1,-77.35,0.0,top
U2,71.9,-116.85,270.0,top
U3,95.9,-80.85,180.0,top
