Comment,Designator,Footprint,LCSC Part #
220uF 35V,C1,CP_Elec_8x10.5,
100nF 50V,"C2,C5,C11,C12,C17,C18",C_0805_2012Metric,C49678
10uF 50V,"C3,C4,C10",C_1210_3225Metric,
10nF 50V,C6,C_0805_2012Metric,
22uF 25V,"C7,C8",C_1210_3225Metric,
220uF 16V,C9,CP_Elec_6.3x7.7,
75pF,C13,C_0805_2012Metric,
22uF 16V,"C14,C15",C_1206_3216Metric,
10uF 16V,C16,C_1206_3216Metric,
SMCJ15A,D1,D_SMC,
SS54,D2,D_SMC,
PMEG4050EP,D3,D_SOD-128,
SS34,D4,D_SMA,C8678
4.7uH,L1,L_Bourns_SRP1038C_10.0x10.0mm,
15uH,L2,L_Bourns_SRN6045TA,
LED verte 6V,LED1,LED_0805_2012Metric,
LED verte 5V,LED2,LED_0805_2012Metric,
MMBT3904,Q1,SOT-23,C20526
1k,"R1,R7,R12",R_0805_2012Metric,C17513
10k,R2,R_0805_2012Metric,C17414
100k,"R3,R8",R_0805_2012Metric,C17407
33k,"R4,R9",R_0805_2012Metric,
182R 1%,R5,R_0805_2012Metric,
1k 1%,R6,R_0805_2012Metric,C17513
100k 1%,R10,R_0805_2012Metric,C17407
12.7k 1%,R11,R_0805_2012Metric,
30k 1%,R13,R_0805_2012Metric,
10k 1%,R14,R_0805_2012Metric,C17414
100R,"R20,R21,R22,R23,R24,R25,R26,R27,R40,R41,R42,R43",R_0805_2012Metric,C17408
LM22678TJ-5.0,U2,TO-263-7_TabPin8,C527397
TPS54202H,U3,SOT-23-6,C527684
