"Designator","Comment","Footprint","Quantity","LCSC Part #","MPN","Montage"
"C1","220uF 35V","Capacitor_SMD:CP_Elec_8x10.5","1","","Electrolytique alu CMS 220uF 35V 8x10.5","CMS"
"C2,C5,C11,C12,C17,C18","100nF 50V","Capacitor_SMD:C_0805_2012Metric","6","C49678","","CMS"
"C3,C4,C10","10uF 50V","Capacitor_SMD:C_1210_3225Metric","3","","","CMS"
"C6","10nF 50V","Capacitor_SMD:C_0805_2012Metric","1","","","CMS"
"C7,C8","22uF 25V","Capacitor_SMD:C_1210_3225Metric","2","","","CMS"
"C9","220uF 16V","Capacitor_SMD:CP_Elec_6.3x7.7","1","","Electrolytique alu CMS 220uF 16V 6.3x7.7","CMS"
"C13","75pF","Capacitor_SMD:C_0805_2012Metric","1","","","CMS"
"C14,C15","22uF 16V","Capacitor_SMD:C_1206_3216Metric","2","","","CMS"
"C16","10uF 16V","Capacitor_SMD:C_1206_3216Metric","1","","","CMS"
"D1","SMCJ15A","Diode_SMD:D_SMC","1","","SMCJ15A (TVS 1500W unidirectionnelle 15V)","CMS"
"D2","SS54","Diode_SMD:D_SMC","1","","SS54 (Schottky 5A 40V) - protection inversion","CMS"
"D3","PMEG4050EP","Diode_SMD:D_SOD-128","1","","Nexperia PMEG4050EP (Schottky 5A 40V, SOD-128)","CMS"
"D4","SS34","Diode_SMD:D_SMA","1","C8678","SS34 (anti-retour USB)","CMS"
"F1","Fusible mini-lame 10A","Fuse:Fuseholder_Blade_Mini_Keystone_3568","1","","Keystone 3568 + fusible mini-lame 10A","THT"
"J1","BATT 12V","JDG2025:691214110002","1","","","THT"
"J2","MOT1 PWR","JDG2025:691214110002","1","","","THT"
"J3","MOT1 PWM/DIR","JDG2025:691214110002","1","","","THT"
"J4","MOT3 PWR","JDG2025:691214110002","1","","","THT"
"J5","MOT3 PWM/DIR","JDG2025:691214110002","1","","","THT"
"J6","SBUS","Connector_PinHeader_2.54mm:PinHeader_1x03_P2.54mm_Vertical","1","","","THT"
"J8","MOT4 PWR","JDG2025:691214110002","1","","","THT"
"J9","MOT4 DIR/PWM","JDG2025:691214110002","1","","","THT"
"J10","MOT2 PWR","JDG2025:691214110002","1","","","THT"
"J11","MOT2 DIR/PWM","JDG2025:691214110002","1","","","THT"
"L1","4.7uH","Inductor_SMD:L_Bourns_SRP1038C_10.0x10.0mm","1","","Bourns SRP1038C-4R7M (4.7uH, Isat >= 8A)","CMS"
"L2","15uH","Inductor_SMD:L_Bourns_SRN6045TA","1","","Bourns SRN6045TA-150M","CMS"
"LED1","LED verte 6V","LED_SMD:LED_0805_2012Metric","1","","","CMS"
"LED2","LED verte 5V","LED_SMD:LED_0805_2012Metric","1","","","CMS"
"Q1","MMBT3904","Package_TO_SOT_SMD:SOT-23","1","C20526","","CMS"
"R1,R7,R12","1k","Resistor_SMD:R_0805_2012Metric","3","C17513","","CMS"
"R2","10k","Resistor_SMD:R_0805_2012Metric","1","C17414","","CMS"
"R3,R8","100k","Resistor_SMD:R_0805_2012Metric","2","C17407","","CMS"
"R4,R9","33k","Resistor_SMD:R_0805_2012Metric","2","","","CMS"
"R5","182R 1%","Resistor_SMD:R_0805_2012Metric","1","","","CMS"
"R6","1k 1%","Resistor_SMD:R_0805_2012Metric","1","C17513","","CMS"
"R10","100k 1%","Resistor_SMD:R_0805_2012Metric","1","C17407","","CMS"
"R11","12.7k 1%","Resistor_SMD:R_0805_2012Metric","1","","","CMS"
"R13","30k 1%","Resistor_SMD:R_0805_2012Metric","1","","","CMS"
"R14","10k 1%","Resistor_SMD:R_0805_2012Metric","1","C17414","","CMS"
"R20-R27,R40-R43","100R","Resistor_SMD:R_0805_2012Metric","12","C17408","","CMS"
"S1","SERVO1","Connector_PinHeader_2.54mm:PinHeader_1x03_P2.54mm_Vertical","1","","","THT"
"S2","SERVO2","Connector_PinHeader_2.54mm:PinHeader_1x03_P2.54mm_Vertical","1","","","THT"
"S3","SERVO3","Connector_PinHeader_2.54mm:PinHeader_1x03_P2.54mm_Vertical","1","","","THT"
"S4","SERVO4","Connector_PinHeader_2.54mm:PinHeader_1x03_P2.54mm_Vertical","1","","","THT"
"U1","Mega 2560 PRO Embed","JDG2025:MODULE_MEGA_PRO_EMBED_CH340G_ATMEGA2560","1","","RobotDyn Mega 2560 PRO Embed CH340G + embases femelles 2x21, 2x16, 2x3","THT"
"U2","LM22678TJ-5.0","Package_TO_SOT_SMD:TO-263-7_TabPin8","1","C527397","LM22678TJ-5.0/NOPB","CMS"
"U3","TPS54202H","Package_TO_SOT_SMD:SOT-23-6","1","C527684","TPS54202HDDCR (TPS54202DDCR accepte)","CMS"
