Designator,Mid X,Mid Y,Layer,Rotation
C1,26.447mm,41.500mm,Top,90
C2,25.447mm,31.900mm,Top,90
C3,44.747mm,42.600mm,Top,180
C4,44.747mm,46.300mm,Top,180
C5,40.747mm,48.300mm,Top,0
C6,48.247mm,44.100mm,Top,-90
C7,58.747mm,24.900mm,Top,180
C8,54.147mm,26.100mm,Top,0
C9,66.447mm,52.000mm,Top,90
C10,14.147mm,35.900mm,Top,180
C11,13.347mm,33.200mm,Top,180
C12,13.947mm,42.900mm,Top,180
C13,16.347mm,31.600mm,Top,90
C14,7.047mm,34.200mm,Top,0
C15,7.047mm,31.700mm,Top,0
C16,15.447mm,48.750mm,Top,0
C17,8.757mm,48.950mm,Top,180
C18,23.447mm,79.300mm,Top,0
D1,18.997mm,16.600mm,Top,90
D2,20.947mm,28.500mm,Top,-90
D3,51.347mm,44.600mm,Top,90
D4,9.447mm,45.900mm,Top,180
L1,54.947mm,34.900mm,Top,-90
L2,8.247mm,39.500mm,Top,180
LED1,66.147mm,19.900mm,Top,0
LED2,6.947mm,25.100mm,Top,90
Q1,47.447mm,72.000mm,Top,0
R1,53.947mm,71.000mm,Top,180
R2,43.447mm,72.000mm,Top,90
R3,33.447mm,35.100mm,Top,0
R4,33.447mm,37.300mm,Top,180
R5,38.147mm,41.700mm,Top,0
R6,40.907mm,43.100mm,Top,90
R7,66.147mm,21.900mm,Top,0
R8,18.247mm,39.500mm,Top,180
R9,18.247mm,41.500mm,Top,0
R10,18.247mm,35.500mm,Top,180
R11,18.247mm,37.500mm,Top,0
R12,6.947mm,28.500mm,Top,-90
R13,36.697mm,58.000mm,Top,90
R14,23.447mm,81.300mm,Top,0
R20,21.457mm,61.900mm,Top,90
R21,23.997mm,61.900mm,Top,90
R22,18.917mm,61.900mm,Top,90
R23,48.947mm,80.900mm,Top,0
R24,25.267mm,57.700mm,Top,90
R25,26.537mm,61.900mm,Top,90
R26,20.187mm,57.700mm,Top,90
R27,27.807mm,57.700mm,Top,90
R40,30.347mm,57.700mm,Top,90
R41,32.887mm,57.700mm,Top,90
R42,31.617mm,61.900mm,Top,90
R43,29.077mm,61.900mm,Top,90
U2,43.447mm,30.100mm,Top,-90
U3,13.947mm,39.500mm,Top,0
