Ref,Val,Package,PosX,PosY,Rot,Side
"C1","220uF 35V","CP_Elec_8x10.5",26.447000,41.500000,90.000000,top
"C2","100nF 50V","C_0805_2012Metric",25.447000,31.900000,90.000000,top
"C3","10uF 50V","C_1210_3225Metric",44.747000,42.600000,180.000000,top
"C4","10uF 50V","C_1210_3225Metric",44.747000,46.300000,180.000000,top
"C5","100nF 50V","C_0805_2012Metric",40.747000,48.300000,0.000000,top
"C6","10nF 50V","C_0805_2012Metric",48.247000,44.100000,-90.000000,top
"C7","22uF 25V","C_1210_3225Metric",58.747000,24.900000,180.000000,top
"C8","22uF 25V","C_1210_3225Metric",54.147000,26.100000,0.000000,top
"C9","220uF 16V","CP_Elec_6.3x7.7",66.447000,52.000000,90.000000,top
"C10","10uF 50V","C_1210_3225Metric",14.147000,35.900000,180.000000,top
"C11","100nF 50V","C_0805_2012Metric",13.347000,33.200000,180.000000,top
"C12","100nF 50V","C_0805_2012Metric",13.947000,42.900000,180.000000,top
"C13","75pF","C_0805_2012Metric",16.347000,31.600000,90.000000,top
"C14","22uF 16V","C_1206_3216Metric",7.047000,34.200000,0.000000,top
"C15","22uF 16V","C_1206_3216Metric",7.047000,31.700000,0.000000,top
"C16","10uF 16V","C_1206_3216Metric",15.447000,48.750000,0.000000,top
"C17","100nF 50V","C_0805_2012Metric",8.757000,48.950000,180.000000,top
"C18","100nF 50V","C_0805_2012Metric",23.447000,79.300000,0.000000,top
"D1","SMCJ15A","D_SMC",18.997000,16.600000,90.000000,top
"D2","SS54","D_SMC",20.947000,28.500000,-90.000000,top
"D3","PMEG4050EP","D_SOD-128",51.347000,44.600000,90.000000,top
"D4","SS34","D_SMA",9.447000,45.900000,180.000000,top
"F1","Fusible mini-lame 10A","Fuseholder_Blade_Mini_Keystone_3568",36.647000,13.300000,180.000000,top
"J1","BATT 12V","691214110002",36.697000,7.500000,180.000000,top
"J2","MOT1 PWR","691214110002",11.047000,14.350000,90.000000,top
"J3","MOT1 PWM/DIR","691214110002",11.047000,7.350000,90.000000,top
"J4","MOT3 PWR","691214110002",46.197000,7.500000,180.000000,top
"J5","MOT3 PWM/DIR","691214110002",53.197000,7.500000,180.000000,top
"J6","SBUS","PinHeader_1x03_P2.54mm_Vertical",59.947000,70.460000,180.000000,top
"J8","MOT4 PWR","691214110002",62.547000,14.350000,-90.000000,top
"J9","MOT4 DIR/PWM","691214110002",62.547000,7.350000,-90.000000,top
"J10","MOT2 PWR","691214110002",26.697000,7.500000,180.000000,top
"J11","MOT2 DIR/PWM","691214110002",19.697000,7.500000,180.000000,top
"L1","4.7uH","L_Bourns_SRP1038C_10.0x10.0mm",54.947000,34.900000,-90.000000,top
"L2","15uH","L_Bourns_SRN6045TA",8.247000,39.500000,180.000000,top
"LED1","LED verte 6V","LED_0805_2012Metric",66.147000,19.900000,0.000000,top
"LED2","LED verte 5V","LED_0805_2012Metric",6.947000,25.100000,90.000000,top
"Q1","MMBT3904","SOT-23",47.447000,72.000000,0.000000,top
"R1","1k","R_0805_2012Metric",53.947000,71.000000,180.000000,top
"R2","10k","R_0805_2012Metric",43.447000,72.000000,90.000000,top
"R3","100k","R_0805_2012Metric",33.447000,35.100000,0.000000,top
"R4","33k","R_0805_2012Metric",33.447000,37.300000,180.000000,top
"R5","182R 1%","R_0805_2012Metric",38.147000,41.700000,0.000000,top
"R6","1k 1%","R_0805_2012Metric",40.907000,43.100000,90.000000,top
"R7","1k","R_0805_2012Metric",66.147000,21.900000,0.000000,top
"R8","100k","R_0805_2012Metric",18.247000,39.500000,180.000000,top
"R9","33k","R_0805_2012Metric",18.247000,41.500000,0.000000,top
"R10","100k 1%","R_0805_2012Metric",18.247000,35.500000,180.000000,top
"R11","12.7k 1%","R_0805_2012Metric",18.247000,37.500000,0.000000,top
"R12","1k","R_0805_2012Metric",6.947000,28.500000,-90.000000,top
"R13","30k 1%","R_0805_2012Metric",36.697000,58.000000,90.000000,top
"R14","10k 1%","R_0805_2012Metric",23.447000,81.300000,0.000000,top
"R20","100R","R_0805_2012Metric",21.457000,61.900000,90.000000,top
"R21","100R","R_0805_2012Metric",23.997000,61.900000,90.000000,top
"R22","100R","R_0805_2012Metric",18.917000,61.900000,90.000000,top
"R23","100R","R_0805_2012Metric",48.947000,80.900000,0.000000,top
"R24","100R","R_0805_2012Metric",25.267000,57.700000,90.000000,top
"R25","100R","R_0805_2012Metric",26.537000,61.900000,90.000000,top
"R26","100R","R_0805_2012Metric",20.187000,57.700000,90.000000,top
"R27","100R","R_0805_2012Metric",27.807000,57.700000,90.000000,top
"R40","100R","R_0805_2012Metric",30.347000,57.700000,90.000000,top
"R41","100R","R_0805_2012Metric",32.887000,57.700000,90.000000,top
"R42","100R","R_0805_2012Metric",31.617000,61.900000,90.000000,top
"R43","100R","R_0805_2012Metric",29.077000,61.900000,90.000000,top
"S1","SERVO1","PinHeader_1x03_P2.54mm_Vertical",68.527000,45.000000,-90.000000,top
"S2","SERVO2","PinHeader_1x03_P2.54mm_Vertical",68.527000,39.000000,-90.000000,top
"S3","SERVO3","PinHeader_1x03_P2.54mm_Vertical",68.527000,33.000000,-90.000000,top
"S4","SERVO4","PinHeader_1x03_P2.54mm_Vertical",68.527000,27.500000,-90.000000,top
"U1","Mega 2560 PRO Embed","MODULE_MEGA_PRO_EMBED_CH340G_ATMEGA2560",30.147000,69.280000,0.000000,top
"U2","LM22678TJ-5.0","TO-263-7_TabPin8",43.447000,30.100000,-90.000000,top
"U3","TPS54202H","SOT-23-6",13.947000,39.500000,0.000000,top
